train_loss,epoch,step
18.166231155395508,49,49
17.078784942626953,99,99
16.548463821411133,149,149
16.275171279907227,199,199
16.120634078979492,249,249
16.050615310668945,299,299
16.012054443359375,349,349
15.9772367477417,399,399
15.933713912963867,449,449
15.955704689025879,499,499
15.911876678466797,549,549
15.92270278930664,599,599
15.920787811279297,649,649
15.90495491027832,699,699
15.912168502807617,749,749
15.940122604370117,799,799
15.897184371948242,849,849
