binary_cross_entropy,kl_divergence,train_loss,epoch,step
25.97116470336914,0.9061227440834045,26.877286911010742,49,49
24.212146759033203,1.0858356952667236,25.297983169555664,99,99
23.632774353027344,1.0263344049453735,24.659109115600586,149,149
23.051616668701172,1.063874363899231,24.11549186706543,199,199
22.489830017089844,1.1039179563522339,23.593748092651367,249,249
22.43197250366211,1.0922759771347046,23.524248123168945,299,299
