step,train_loss,epoch
49,1841.6798095703125,0
99,1835.42578125,0
149,1832.570068359375,0
199,1830.7034912109375,0
249,1828.136962890625,0
299,1831.01513671875,0
