train_loss,epoch,step
1841.585205078125,0,49
1835.23193359375,0,99
1832.787109375,0,149
1830.4957275390625,0,199
1827.943603515625,0,249
1831.0673828125,0,299
