step,train_loss,epoch
49,355.6417236328125,0
99,347.6640625,0
149,354.05810546875,0
199,349.4725341796875,0
249,345.9127197265625,0
299,332.91278076171875,0
349,341.22088623046875,1
399,355.48944091796875,1
449,358.34320068359375,1
499,356.913330078125,1
549,349.3835144042969,1
599,344.9460754394531,1
