train_loss,epoch,step
19.69639778137207,49,49
19.24049186706543,99,99
