train_loss,epoch,step
18.656116485595703,24,49
17.772830963134766,49,99
17.30419158935547,74,149
16.656312942504883,99,199
15.953638076782227,124,249
15.503024101257324,149,299
15.212440490722656,174,349
15.058547973632812,199,399
14.95913314819336,224,449
14.895843505859375,249,499
14.828627586364746,274,549
14.795969009399414,299,599
14.798210144042969,324,649
14.771238327026367,349,699
14.782815933227539,374,749
14.751198768615723,399,799
