binary_cross_entropy,kl_divergence,train_loss,epoch,step
215.34776306152344,35.80595779418945,215.34776306152344,24,49
