train_loss,epoch,step
18.249475479125977,24,49
16.781288146972656,49,99
15.889513969421387,74,149
15.434491157531738,99,199
15.113677978515625,124,249
14.970328330993652,149,299
14.842004776000977,174,349
14.752103805541992,199,399
14.7127046585083,224,449
14.702339172363281,249,499
14.634527206420898,274,549
14.608232498168945,299,599
14.617744445800781,324,649
14.579078674316406,349,699
