binary_cross_entropy,kl_divergence,train_loss,epoch,step
16.067073822021484,1.0104411840438843,17.0775146484375,24,49
12.774173736572266,1.5045841932296753,14.27875804901123,49,99
10.65815258026123,1.6456716060638428,12.303824424743652,74,149
9.2402982711792,1.74361252784729,10.98391056060791,99,199
8.299460411071777,1.7668354511260986,10.066295623779297,124,249
7.811470031738281,1.6708544492721558,9.482324600219727,149,299
