train_loss,epoch,step
18.243741989135742,24,49
16.811763763427734,49,99
15.99315357208252,74,149
15.52931022644043,99,199
15.251969337463379,124,249
15.032976150512695,149,299
14.918929100036621,174,349
14.80980110168457,199,399
14.78502082824707,224,449
14.691340446472168,249,499
14.680350303649902,274,549
14.628519058227539,299,599
14.65856647491455,324,649
14.580362319946289,349,699
14.631582260131836,374,749
14.617591857910156,399,799
