train_loss,epoch,step
18.94686508178711,49,49
17.637664794921875,99,99
16.86521339416504,149,149
16.45745277404785,199,199
16.271516799926758,249,249
16.183408737182617,299,299
16.089052200317383,349,349
16.049985885620117,399,399
16.028886795043945,449,449
15.999043464660645,499,499
15.997117042541504,549,549
15.9734468460083,599,599
15.994959831237793,649,649
15.977387428283691,699,699
