train_loss,epoch,step
217.8505401611328,24,49
183.525146484375,49,99
172.81094360351562,74,149
168.16360473632812,99,199
165.9601593017578,124,249
164.3653106689453,149,299
163.15586853027344,174,349
162.0558624267578,199,399
161.12953186035156,224,449
160.38449096679688,249,499
159.6713409423828,274,549
159.06594848632812,299,599
158.5916748046875,324,649
