train_loss,epoch,step
225.63406372070312,24,49
188.2752227783203,49,99
