train_loss,epoch,step
20.320409774780273,49,49
19.982261657714844,99,99
