train_loss,epoch,step
184.04705810546875,0,49
178.53753662109375,0,99
186.43858337402344,0,149
188.85751342773438,0,199
190.06407165527344,0,249
