train_loss,epoch,step
18.999427795410156,49,49
17.658906936645508,99,99
16.800010681152344,149,149
16.42510986328125,199,199
16.225887298583984,249,249
16.111303329467773,299,299
16.04360008239746,349,349
16.007736206054688,399,399
15.974632263183594,449,449
15.953882217407227,499,499
15.940068244934082,549,549
15.940618515014648,599,599
15.908235549926758,649,649
15.937176704406738,699,699
