train_loss,epoch,step
18.97845458984375,49,49
18.056915283203125,99,99
16.901382446289062,149,149
16.42405891418457,199,199
16.226552963256836,249,249
16.131216049194336,299,299
16.036104202270508,349,349
15.999305725097656,399,399
15.967521667480469,449,449
15.965911865234375,499,499
15.933484077453613,549,549
15.913865089416504,599,599
15.916790008544922,649,649
15.920919418334961,699,699
